
(1) and (2)
mysql> create table evalstudent(name varchar(20),age int,course varchar(10),city varchar(20),year varchar(3),percentage int);
Query OK, 0 rows affected (0.06 sec)

mysql> create table evalteacher(name varchar(20),age int,course varchar(10),city varchar(20),subject_expert varchar(20),year_of_experience int);
Query OK, 0 rows affected (0.05 sec)
mysql> insert into evalstudent(name,age,course,city,year,percentage) values("Aman",22,"python","ahmedabad","3rd",91),("sanjay",24,"devops","banglore","3rd",82),("harsh",22,"java","pune","1st",70);
Query OK, 3 rows affected (0.01 sec)
Records: 3  Duplicates: 0  Warnings: 0

mysql> insert into evalstudent(name,age,course,city,year,percentage) values("Ayush",21,"java","pune","1st",90);
Query OK, 1 row affected (0.01 sec)

mysql> insert into evalstudent1(sid,name,age,course,city,year,percentage) values(5,"Aditi",23,"java","mumbai","3rd",85);
Query OK, 1 row affected (0.01 sec)

mysql> insert into evalstudent1(sid,name,age,course,city,year,percentage) values(6,"sruti",32,"ds","ahmedabad","2nd",50),(7,"likith",24,"java","mumbai","3rd",65),(8,"veer",22,"devops","hyderabad","1st",81);
Query OK, 3 rows affected (0.01 sec)
Records: 3  Duplicates: 0  Warnings: 0

mysql> select * from evalstudent;
+--------+------+--------+-----------+------+------------+
| name   | age  | course | city      | year | percentage |
+--------+------+--------+-----------+------+------------+
| Aman   |   22 | python | ahmedabad | 3rd  |         91 |
| sanjay |   24 | devops | banglore  | 3rd  |         82 |
| harsh  |   22 | java   | pune      | 1st  |         70 |
| Ayush  |   21 | java   | pune      | 1st  |         90 |
| Aditi  |   23 | java   | mumbai    | 3rd  |         85 |
| sruti  |   32 | ds     | ahmedabad | 2nd  |         50 |
| likith |   24 | java   | mumbai    | 3rd  |         65 |
| veer   |   22 | devops | hyderabad | 1st  |         81 |
+--------+------+--------+-----------+------+------------+
8 rows in set (0.00 sec)
mysql> insert into evalteacher(name,age,course,city,subject_expert,year_of_experience) values("Amit",32,"ds","ahmedabad","python",5),("leela",42,"java","mumbai","java",6),("virat",33,"devops","hyderabad","python",8),("shanti",29,"python","pune","python",2);
Query OK, 4 rows affected (0.01 sec)
Records: 4  Duplicates: 0  Warnings: 0

mysql> insert into evalteacher(name,age,course,city,subject_expert,year_of_experience) values("mani",31,"ds","mumbai","python",5),("adi",40,"java","ahmedabad","java",3),("vikram",36,"devops","mumbai","python",4),("sita",30,"ds","ahmedabad","ds",4);
Query OK, 4 rows affected (0.01 sec)
Records: 4  Duplicates: 0  Warnings: 0

mysql> select * from evalteacher;
+--------+------+--------+-----------+----------------+--------------------+
| name   | age  | course | city      | subject_expert | year_of_experience |
+--------+------+--------+-----------+----------------+--------------------+
| Amit   |   32 | ds     | ahmedabad | python         |                  5 |
| leela  |   42 | java   | mumbai    | java           |                  6 |
| virat  |   33 | devops | hyderabad | python         |                  8 |
| shanti |   29 | python | pune      | python         |                  2 |
| mani   |   31 | ds     | mumbai    | python         |                  5 |
| adi    |   40 | java   | ahmedabad | java           |                  3 |
| vikram |   36 | devops | mumbai    | python         |                  4 |
| sita   |   30 | ds     | ahmedabad | ds             |                  4 |
+--------+------+--------+-----------+----------------+--------------------+
8 rows in set (0.00 sec)

(3)
mysql> select name,age,course as subject,city,year,percentage from evalstudent;
+--------+------+---------+-----------+------+------------+
| name   | age  | subject | city      | year | percentage |
+--------+------+---------+-----------+------+------------+
| Aman   |   22 | python  | ahmedabad | 3rd  |         91 |
| sanjay |   24 | devops  | banglore  | 3rd  |         82 |
| harsh  |   22 | java    | pune      | 1st  |         70 |
| Ayush  |   21 | java    | pune      | 1st  |         90 |
| Aditi  |   23 | java    | mumbai    | 3rd  |         85 |
| sruti  |   32 | ds      | ahmedabad | 2nd  |         50 |
| likith |   24 | java    | mumbai    | 3rd  |         65 |
| veer   |   22 | devops  | hyderabad | 1st  |         81 |
+--------+------+---------+-----------+------+------------+
8 rows in set (0.00 sec)

mysql> select name,age,course as subject,city,subject_expert,year_of_experience from evalteacher;
+--------+------+---------+-----------+----------------+--------------------+
| name   | age  | subject | city      | subject_expert | year_of_experience |
+--------+------+---------+-----------+----------------+--------------------+
| Amit   |   32 | ds      | ahmedabad | python         |                  5 |
| leela  |   42 | java    | mumbai    | java           |                  6 |
| virat  |   33 | devops  | hyderabad | python         |                  8 |
| shanti |   29 | python  | pune      | python         |                  2 |
| mani   |   31 | ds      | mumbai    | python         |                  5 |
| adi    |   40 | java    | ahmedabad | java           |                  3 |
| vikram |   36 | devops  | mumbai    | python         |                  4 |
| sita   |   30 | ds      | ahmedabad | ds             |                  4 |
+--------+------+---------+-----------+----------------+--------------------+
8 rows in set (0.00 sec)
mysql> create table bkup_student like evalstudent;
Query OK, 0 rows affected (0.05 sec)

mysql> desc bkup_student;
+------------+-------------+------+-----+---------+-------+
| Field      | Type        | Null | Key | Default | Extra |
+------------+-------------+------+-----+---------+-------+
| name       | varchar(20) | YES  |     | NULL    |       |
| age        | int         | YES  |     | NULL    |       |
| course     | varchar(10) | YES  |     | NULL    |       |
| city       | varchar(20) | YES  |     | NULL    |       |
| year       | varchar(3)  | YES  |     | NULL    |       |
| percentage | int         | YES  |     | NULL    |       |
+------------+-------------+------+-----+---------+-------+
6 rows in set (0.00 sec)

(4)
mysql> create table bkup_teacher like evalteacher;
Query OK, 0 rows affected (0.06 sec)

mysql> desc bkup_teacher;
+--------------------+-------------+------+-----+---------+-------+
| Field              | Type        | Null | Key | Default | Extra |
+--------------------+-------------+------+-----+---------+-------+
| name               | varchar(20) | YES  |     | NULL    |       |
| age                | int         | YES  |     | NULL    |       |
| course             | varchar(10) | YES  |     | NULL    |       |
| city               | varchar(20) | YES  |     | NULL    |       |
| subject_expert     | varchar(20) | YES  |     | NULL    |       |
| year_of_experience | int         | YES  |     | NULL    |       |
+--------------------+-------------+------+-----+---------+-------+
6 rows in set (0.00 sec)

mysql> select * from bkup_teacher;
Empty set (0.00 sec)

(5)

mysql> select * from evalstudent where city in("pune","mumbai");
+--------+------+--------+--------+------+------------+
| name   | age  | course | city   | year | percentage |
+--------+------+--------+--------+------+------------+
| harsh  |   22 | java   | pune   | 1st  |         70 |
| Ayush  |   21 | java   | pune   | 1st  |         90 |
| Aditi  |   23 | java   | mumbai | 3rd  |         85 |
| likith |   24 | java   | mumbai | 3rd  |         65 |
+--------+------+--------+--------+------+------------+
4 rows in set (0.00 sec)
(6)

mysql> select * from evalteacher where(city="ahmedabad" and name like "a%");
+------+------+--------+-----------+----------------+--------------------+
| name | age  | course | city      | subject_expert | year_of_experience |
+------+------+--------+-----------+----------------+--------------------+
| Amit |   32 | ds     | ahmedabad | python         |                  5 |
| adi  |   40 | java   | ahmedabad | java           |                  3 |
+------+------+--------+-----------+----------------+--------------------+
2 rows in set (0.01 sec)
(7)
mysql> select * from evalteacher where year_of_experience >=4;
+--------+------+--------+-----------+----------------+--------------------+
| name   | age  | course | city      | subject_expert | year_of_experience |
+--------+------+--------+-----------+----------------+--------------------+
| Amit   |   32 | ds     | ahmedabad | python         |                  5 |
| leela  |   42 | java   | mumbai    | java           |                  6 |
| virat  |   33 | devops | hyderabad | python         |                  8 |
| mani   |   31 | ds     | mumbai    | python         |                  5 |
| vikram |   36 | devops | mumbai    | python         |                  4 |
| sita   |   30 | ds     | ahmedabad | ds             |                  4 |
+--------+------+--------+-----------+----------------+--------------------+
6 rows in set (0.00 sec)
(8)
mysql> select count(*) from evalstudent where city="pune";
+----------+
| count(*) |
+----------+
|        2 |
+----------+
1 row in set (0.01 sec)

mysql> select count(*) from evalstudent where city="mumbai";
+----------+
| count(*) |
+----------+
|        2 |
+----------+
1 row in set (0.00 sec)
(10)
mysql> create table backups like evalstudent;
Query OK, 0 rows affected (0.05 sec)

mysql> desc backups;
+------------+-------------+------+-----+---------+-------+
| Field      | Type        | Null | Key | Default | Extra |
+------------+-------------+------+-----+---------+-------+
| name       | varchar(20) | YES  |     | NULL    |       |
| age        | int         | YES  |     | NULL    |       |
| course     | varchar(10) | YES  |     | NULL    |       |
| city       | varchar(20) | YES  |     | NULL    |       |
| year       | varchar(3)  | YES  |     | NULL    |       |
| percentage | int         | YES  |     | NULL    |       |
+------------+-------------+------+-----+---------+-------+
6 rows in set (0.00 sec)

mysql> create table backupt like evalteacher;
Query OK, 0 rows affected (0.05 sec)

mysql> desc backupt;
+--------------------+-------------+------+-----+---------+-------+
| Field              | Type        | Null | Key | Default | Extra |
+--------------------+-------------+------+-----+---------+-------+
| name               | varchar(20) | YES  |     | NULL    |       |
| age                | int         | YES  |     | NULL    |       |
| course             | varchar(10) | YES  |     | NULL    |       |
| city               | varchar(20) | YES  |     | NULL    |       |
| subject_expert     | varchar(20) | YES  |     | NULL    |       |
| year_of_experience | int         | YES  |     | NULL    |       |
+--------------------+-------------+------+-----+---------+-------+
6 rows in set (0.00 sec)
